filter,consensus,corr_activity,tag,best_TF,jaspar_id,match_score,z,TF_2,TF_3
25,nnGnTCCTnCnAGGG,-0.19,repressive,ZNF213,MA2121.1,0.574,3.12,INSM1,ZKSCAN3
114,TnnTGnGGCAGCnnT,-0.164,repressive,Mafg,MA0659.4,0.609,3.47,MAFA,MAF
154,nGAnnnGAnGAAGCT,-0.161,repressive,Thap11,MA1573.2,0.541,3.1,Nr2e3,HOXD12
150,nnCCTnCnTGCTnAG,-0.156,repressive,Zic2,MA1629.2,0.677,4.0,MAFG::NFE2L1,Nfe2l2
111,GCCTnnnAnGCAGAn,-0.147,repressive,BCL6,MA0463.3,0.558,3.72,Zfx,ZNF75D
97,nAnGCTAnnAGnnGT,-0.142,repressive,Spz1,MA0111.1,0.595,3.87,Six3,Nanog
44,nGGnnnGCAnnnAGn,-0.139,repressive,ZNF418,MA1980.1,0.486,3.04,TCF21,MAFF
64,GnGnTGGAnnnCAAA,-0.136,repressive,E2F4,MA0470.3,0.546,3.04,ZNF410,E2F2
54,nnAAATTAnTTGTGn,0.13,activating,PHOX2B,MA0681.3,0.664,2.62,Lhx3,Arid3b
42,AnTTAGATTTTnCTA,0.13,activating,PHOX2A,MA0713.1,0.586,2.45,STAT1::STAT2,ZNF75A
129,nCAnACnAnTATTTn,0.117,activating,TFAP4::FLI1,MA1967.2,0.564,2.46,ETV2,MEF2A
81,CCTGnTGAAnnAAAT,-0.114,repressive,IRF9,MA0653.1,0.561,3.23,SCRT1,IRF2
